rela,sab,count
has_inactive_ingredient,MTHSPL,1640641
inactive_ingredient_of,MTHSPL,1640641
inverse_isa,SNOMEDCT_US,1251130
isa,SNOMEDCT_US,1251130
inverse_isa,SCTSPA,1209320
isa,SCTSPA,1209320
inverse_isa,MEDCIN,712790
isa,MEDCIN,712790
mapped_to,MSH,436613
mapped_from,MSH,436613
subset_includes_concept,NCI,415474
concept_in_subset,NCI,415474
has_finding_site,SNOMEDCT_US,412235
finding_site_of,SNOMEDCT_US,412235
has_finding_site,SCTSPA,399559
finding_site_of,SCTSPA,399559
has_component,LNC,330951
component_of,LNC,330951
associated_morphology_of,SNOMEDCT_US,311251
has_associated_morphology,SNOMEDCT_US,311251
associated_morphology_of,SCTSPA,302887
has_associated_morphology,SCTSPA,302887
method_of,SNOMEDCT_US,302779
has_method,SNOMEDCT_US,302779
method_of,SCTSPA,301033
has_method,SCTSPA,301033
has_class,LNC,284774
class_of,LNC,284774
has_active_ingredient,MTHSPL,263625
active_ingredient_of,MTHSPL,263625
has_active_moiety,MTHSPL,262970
active_moiety_of,MTHSPL,262970
inverse_isa,RXNORM,238329
isa,RXNORM,238329
inverse_isa,NCI,234295
isa,NCI,234295
translation_of,MDRJPN,231383
has_translation,MDRJPN,231383
has_system,LNC,183921
system_of,LNC,183921
mapped_to,ICPC2ICD10ENG,168361
mapped_from,ICPC2ICD10ENG,168361
expanded_form_of,ICD10PCS,160058
has_expanded_form,ICD10PCS,160058
has_ingredient,RXNORM,158178
ingredient_of,RXNORM,158178
same_as,MEDCIN,155454
mapped_to,SNOMEDCT_US,154997
mapped_from,SNOMEDCT_US,154997
has_manifestation,OMIM,144790
manifestation_of,OMIM,144790
permuted_term_of,MSH,132119
has_permuted_term,MSH,132119
has_procedure_site,SNOMEDCT_US,130721
procedure_site_of,SNOMEDCT_US,130721
has_procedure_site,SCTSPA,130639
procedure_site_of,SCTSPA,130639
has_ingredient,MMSL,127527
ingredient_of,MMSL,127527
possibly_equivalent_to,SNOMEDCT_US,126984
inverse_isa,UWDA,124564
isa,UWDA,124564
has_finding_site,MEDCIN,122273
finding_site_of,MEDCIN,122273
translation_of,MDRITA,119994
translation_of,MDRCZE,119994
translation_of,MDRHUN,119994
translation_of,MDRGER,119994
translation_of,MDRRUS,119994
translation_of,MDRKOR,119994
translation_of,MDRBPO,119994
translation_of,MDRSWE,119994
translation_of,MDRLAV,119994
translation_of,MDRGRE,119994
translation_of,MDRPOL,119994
translation_of,MDRARA,119994
translation_of,MDREST,119994
translation_of,MDRFIN,119994
translation_of,MDRLIT,119994
translation_of,MDRHRV,119994
translation_of,MDRISL,119994
translation_of,MDRSLK,119994
translation_of,MDRNOR,119994
translation_of,MDRSLV,119994
translation_of,MDRPOR,119994
translation_of,MDRSPA,119994
translation_of,MDRDUT,119994
translation_of,MDRFRE,119994
has_translation,MDRITA,119994
has_translation,MDRCZE,119994
has_translation,MDRHUN,119994
has_translation,MDRSPA,119994
has_translation,MDRDUT,119994
has_translation,MDRGER,119994
has_translation,MDRFRE,119994
has_translation,MDRPOR,119994
has_translation,MDRRUS,119994
has_translation,MDRKOR,119994
has_translation,MDRBPO,119994
has_translation,MDRSWE,119994
has_translation,MDRLAV,119994
has_translation,MDRGRE,119994
has_translation,MDRPOL,119994
has_translation,MDRARA,119994
has_translation,MDREST,119994
has_translation,MDRFIN,119994
has_translation,MDRLIT,119994
has_translation,MDRHRV,119994
has_translation,MDRISL,119994
has_translation,MDRNOR,119994
has_translation,MDRSLK,119994
has_translation,MDRSLV,119994
mth_expanded_form_of,LNC,119376
mth_has_expanded_form,LNC,119376
has_tradename,RXNORM,117949
tradename_of,RXNORM,117949
constitutes,RXNORM,116206
consists_of,RXNORM,116206
same_as,SNOMEDCT_US,114584
has_answer,LNC,114448
answer_to,LNC,114448
time_aspect_of,LNC,109561
has_time_aspect,LNC,109561
has_property,LNC,109325
has_common_name,LNC,109325
common_name_of,LNC,109325
property_of,LNC,109325
scale_of,LNC,109325
has_scale,LNC,109325
is_interpreted_by,SNOMEDCT_US,104490
interprets,SNOMEDCT_US,104490
isa,FMA,104341
inverse_isa,FMA,104341
is_interpreted_by,SCTSPA,102929
interprets,SCTSPA,102929
laterality_of,MEDCIN,98669
has_laterality,MEDCIN,98669
has_expanded_form,ICD10CM,98186
expanded_form_of,ICD10CM,98186
has_direct_procedure_site,SNOMEDCT_US,98111
direct_procedure_site_of,SNOMEDCT_US,98111
has_direct_procedure_site,SCTSPA,97957
direct_procedure_site_of,SCTSPA,97957
has_member,MDR,97480
has_member,MDRITA,97480
has_member,MDRCZE,97480
has_member,MDRHUN,97480
has_member,MDRSPA,97480
has_member,MDRDUT,97480
has_member,MDRGER,97480
has_member,MDRFRE,97480
has_member,MDRPOR,97480
has_member,MDRRUS,97480
has_member,MDRKOR,97480
has_member,MDRBPO,97480
has_member,MDRSWE,97480
has_member,MDRLAV,97480
has_member,MDRGRE,97480
has_member,MDRPOL,97480
has_member,MDRARA,97480
has_member,MDREST,97480
has_member,MDRFIN,97480
has_member,MDRLIT,97480
has_member,MDRHRV,97480
has_member,MDRISL,97480
has_member,MDRNOR,97480
has_member,MDRSLK,97480
has_member,MDRSLV,97480
member_of,MDR,97480
member_of,MDRFRE,97480
member_of,MDRGER,97480
member_of,MDRITA,97480
member_of,MDRPOR,97480
member_of,MDRCZE,97480
member_of,MDRHUN,97480
member_of,MDRSPA,97480
member_of,MDRDUT,97480
member_of,MDRRUS,97480
member_of,MDRKOR,97480
member_of,MDRBPO,97480
member_of,MDRLAV,97480
member_of,MDRSWE,97480
member_of,MDRGRE,97480
member_of,MDRPOL,97480
member_of,MDRARA,97480
member_of,MDREST,97480
member_of,MDRFIN,97480
member_of,MDRLIT,97480
member_of,MDRHRV,97480
member_of,MDRISL,97480
member_of,MDRNOR,97480
member_of,MDRSLK,97480
member_of,MDRSLV,97480
has_expanded_form,LNC,96262
expanded_form_of,LNC,96262
measures,LNC,95496
measured_by,LNC,95496
has_dose_form,RXNORM,95303
dose_form_of,RXNORM,95303
has_causative_agent,SNOMEDCT_US,92415
causative_agent_of,SNOMEDCT_US,92415
has_causative_agent,SCTSPA,91745
causative_agent_of,SCTSPA,91745
classified_as,MDR,90471
classified_as,MDRITA,90471
classified_as,MDRCZE,90471
classified_as,MDRHUN,90471
classifies,MDR,90471
classifies,MDRSPA,90471
classifies,MDRHUN,90471
classifies,MDRDUT,90471
classifies,MDRGER,90471
classifies,MDRITA,90471
classifies,MDRFRE,90471
classifies,MDRCZE,90471
classifies,MDRPOR,90471
classified_as,MDRGER,90471
classifies,MDRRUS,90471
classifies,MDRKOR,90471
classified_as,MDRRUS,90471
classified_as,MDRKOR,90471
classified_as,MDRBPO,90471
classifies,MDRBPO,90471
classifies,MDRSWE,90471
classified_as,MDRSWE,90471
classifies,MDRLAV,90471
classified_as,MDRLAV,90471
classified_as,MDRGRE,90471
classifies,MDRGRE,90471
classifies,MDRPOL,90471
classified_as,MDRPOL,90471
classifies,MDRARA,90471
classified_as,MDRARA,90471
classifies,MDREST,90471
classified_as,MDREST,90471
classifies,MDRFIN,90471
classified_as,MDRFIN,90471
classified_as,MDRLIT,90471
classifies,MDRHRV,90471
classifies,MDRLIT,90471
classified_as,MDRHRV,90471
classified_as,MDRISL,90471
classifies,MDRISL,90471
classifies,MDRNOR,90471
classified_as,MDRSLK,90471
classifies,MDRSLK,90471
classified_as,MDRNOR,90471
classified_as,MDRSLV,90471
classifies,MDRSLV,90471
classified_as,MDRPOR,90471
classified_as,MDRSPA,90471
classified_as,MDRDUT,90471
classified_as,MDRFRE,90471
has_member,MDRJPN,89584
member_of,MDRJPN,89584
classifies,CCSR_ICD10CM,86910
classified_as,CCSR_ICD10CM,86910
analyzes,LNC,86907
analyzed_by,LNC,86907
has_method,LNC,83127
method_of,LNC,83127
associated_with,SNMI,82408
classified_as,CCSR_ICD10PCS,79115
classifies,CCSR_ICD10PCS,79115
translation_of,ICPC2ICD10ENG,76604
has_translation,ICPC2ICD10ENG,76604
default_inpatient_classification_of,CCSR_ICD10CM,75115
default_outpatient_classification_of,CCSR_ICD10CM,75115
has_default_inpatient_classification,CCSR_ICD10CM,75115
has_default_outpatient_classification,CCSR_ICD10CM,75115
inverse_isa,GO,72801
isa,GO,72801
is_abnormal_cell_of_disease,NCI,68306
disease_has_abnormal_cell,NCI,68306
has_ingredient,VANDF,67567
ingredient_of,VANDF,67567
has_active_ingredient,SNOMEDCT_US,67315
active_ingredient_of,SNOMEDCT_US,67315
active_ingredient_of,SCTSPA,67245
has_active_ingredient,SCTSPA,67245
pathological_process_of,SNOMEDCT_US,66717
has_pathological_process,SNOMEDCT_US,66717
pathological_process_of,SCTSPA,65732
has_pathological_process,SCTSPA,65732
disease_has_associated_anatomic_site,NCI,61430
is_associated_anatomic_site_of,NCI,61430
is_finding_of_disease,NCI,59461
disease_has_finding,NCI,59461
has_member,LNC,55326
member_of,LNC,55326
has_occurrence,SNOMEDCT_US,53961
occurs_in,SNOMEDCT_US,53961
has_part,SNOMEDCT_US,53710
part_of,SNOMEDCT_US,53710
has_part,SCTSPA,53671
part_of,SCTSPA,53671
gene_plays_role_in_process,NCI,53034
process_involves_gene,NCI,53034
has_occurrence,SCTSPA,53013
occurs_in,SCTSPA,53013
disease_has_primary_anatomic_site,NCI,49217
is_primary_anatomic_site_of_disease,NCI,49217
associated_with,MEDCIN,48936
isa,SNOMEDCT_VET,47719
inverse_isa,SNOMEDCT_VET,47719
has_associated_morphology,MEDCIN,44988
associated_morphology_of,MEDCIN,44988
has_alias,HGNC,44390
alias_of,HGNC,44390
do_not_code_with,CPT,44300
has_expanded_form,HGNC,44067
expanded_form_of,HGNC,44067
loinc_number_of,LNC,43813
has_loinc_number,LNC,43813
has_finding_method,MEDCIN,41509
finding_method_of,MEDCIN,41509
expanded_form_of,OMIM,40845
has_expanded_form,OMIM,40845
has_dose_form,NDDF,39772
dose_form_of,NDDF,39772
part_of,UWDA,38860
has_part,UWDA,38860
alias_of,OMIM,37629
has_alias,OMIM,37629
has_phenotype,OMIM,37026
phenotype_of,OMIM,37026
has_doseformgroup,RXNORM,36535
doseformgroup_of,RXNORM,36535
allelic_variant_of,OMIM,35924
has_allelic_variant,OMIM,35924
mapping_qualifier_of,MSH,35275
has_mapping_qualifier,MSH,35275
isa,VANDF,34887
inverse_isa,VANDF,34887
disease_excludes_finding,NCI,34811
is_not_finding_of_disease,NCI,34811
manufactured_dose_form_of,SNOMEDCT_US,34682
has_manufactured_dose_form,SNOMEDCT_US,34682
manufactured_dose_form_of,SCTSPA,34680
has_manufactured_dose_form,SCTSPA,34680
interpretation_of,SNOMEDCT_US,34624
has_interpretation,SNOMEDCT_US,34624
prev_name_of,HGNC,34142
has_prev_name,HGNC,34142
interpretation_of,SCTSPA,34017
has_interpretation,SCTSPA,34017
has_direct_morphology,SNOMEDCT_US,32559
direct_morphology_of,SNOMEDCT_US,32559
has_direct_morphology,SCTSPA,32530
direct_morphology_of,SCTSPA,32530
has_print_name,VANDF,31811
print_name_of,VANDF,31811
mapped_from,SNMI,31336
mapped_to,SNMI,31336
translation_of,MSHCZE,31186
translation_of,MSHFRE,31186
has_translation,MSHCZE,31186
has_translation,MSHFRE,31186
translation_of,MSHPOR,31110
translation_of,MSHPOL,31110
translation_of,MSHRUS,31110
translation_of,MSHSPA,31110
has_translation,MSHPOR,31110
has_translation,MSHPOL,31110
has_translation,MSHRUS,31110
has_translation,MSHSPA,31110
translation_of,MSHGER,30908
has_translation,MSHGER,30908
has_clinician_form,CPT,30859
clinician_form_of,CPT,30859
has_indirect_procedure_site,SNOMEDCT_US,30713
indirect_procedure_site_of,SNOMEDCT_US,30713
has_indirect_procedure_site,SCTSPA,30663
indirect_procedure_site_of,SCTSPA,30663
translation_of,MSHSWE,29932
has_translation,MSHSWE,29932
gene_product_plays_role_in_biological_process,NCI,29642
biological_process_involves_gene_product,NCI,29642
clinically_associated_with,CCPSS,29632
has_transliterated_form,MSHRUS,29445
transliterated_form_of,MSHRUS,29445
is_not_abnormal_cell_of_disease,NCI,29205
disease_excludes_abnormal_cell,NCI,29205
due_to,SNOMEDCT_US,28868
cause_of,SNOMEDCT_US,28868
intent_of,SNOMEDCT_US,28175
has_intent,SNOMEDCT_US,28175
intent_of,SCTSPA,28007
has_intent,SCTSPA,28007
due_to,SCTSPA,27861
cause_of,SCTSPA,27861
has_regional_part,FMA,27672
regional_part_of,FMA,27672
laterality_of,SNOMEDCT_US,27317
has_laterality,SNOMEDCT_US,27317
laterality_of,SCTSPA,27192
has_laterality,SCTSPA,27192
has_direct_procedure_site,MEDCIN,26917
direct_procedure_site_of,MEDCIN,26917
replaces,SNOMEDCT_US,26388
replaced_by,SNOMEDCT_US,26388
is_normal_cell_origin_of_disease,NCI,26247
disease_has_normal_cell_origin,NCI,26247
has_suffix,LNC,26245
suffix_of,LNC,26245
has_direct_substance,SNOMEDCT_US,26034
direct_substance_of,SNOMEDCT_US,26034
has_direct_substance,SCTSPA,25570
direct_substance_of,SCTSPA,25570
has_location,SNMI,24660
location_of,SNMI,24660
gene_encodes_gene_product,NCI,24214
gene_product_encoded_by_gene,NCI,24214
has_supersystem,LNC,23868
supersystem_of,LNC,23868
inverse_isa,HPO,23749
isa,HPO,23749
specialty_of,CPT,23620
has_specialty,CPT,23620
classified_as,CCS,23075
classifies,CCS,23075
has_expanded_form,CPT,23050
expanded_form_of,CPT,23050
moved_from,SNOMEDCT_US,22762
moved_to,SNOMEDCT_US,22762
was_a,SNOMEDCT_US,22641
inverse_was_a,SNOMEDCT_US,22641
is_normal_tissue_origin_of_disease,NCI,22417
disease_has_normal_tissue_origin,NCI,22417
parent_of,MED-RT,21511
has_parent,MED-RT,21511
constitutional_part_of,FMA,21492
has_constitutional_part,FMA,21492
direct_device_of,SNOMEDCT_US,21066
has_direct_device,SNOMEDCT_US,21066
direct_device_of,SCTSPA,21034
has_direct_device,SCTSPA,21034
disease_may_have_finding,NCI,20858
may_be_finding_of_disease,NCI,20858
has_component,SNOMEDCT_US,20649
component_of,SNOMEDCT_US,20649
has_component,SCTSPA,20640
component_of,SCTSPA,20640
inverse_isa,ORPHANET,18976
isa,ORPHANET,18976
temporal_context_of,SNOMEDCT_US,18584
has_temporal_context,SNOMEDCT_US,18584
subject_relationship_context_of,SNOMEDCT_US,18548
has_subject_relationship_context,SNOMEDCT_US,18548
expanded_form_of,ICD9CM,18449
has_expanded_form,ICD9CM,18449
has_challenge,LNC,18088
challenge_of,LNC,18088
form_of,RXNORM,18065
has_form,RXNORM,18065
temporal_context_of,SCTSPA,17729
has_temporal_context,SCTSPA,17729
subject_relationship_context_of,SCTSPA,17611
has_subject_relationship_context,SCTSPA,17611
primary_mapped_to,ICD10AM,17430
primary_mapped_from,ICD10AM,17430
entire_anatomy_structure_of,SNOMEDCT_US,16360
has_entire_anatomy_structure,SNOMEDCT_US,16360
entry_version_of,MSH,16155
has_entry_version,MSH,16155
device_used_by,SNOMEDCT_US,16133
uses_device,SNOMEDCT_US,16133
device_used_by,SCTSPA,16099
uses_device,SCTSPA,16099
inverse_isa,MMSL,15953
isa,MMSL,15953
prev_symbol_of,HGNC,15696
has_prev_symbol,HGNC,15696
inverse_isa,CCPSS,15531
isa,CCPSS,15531
inverse_isa,CPT,15478
isa,CPT,15478
has_gene_product_element,NCI,15471
gene_product_is_element_in_pathway,NCI,15471
has_gdc_value,NCI,15465
is_value_for_gdc_property,NCI,15465
may_be_treated_by,MED-RT,15352
may_treat,MED-RT,15352
gene_is_element_in_pathway,NCI,15347
pathway_has_gene_element,NCI,15347
disease_may_have_molecular_abnormality,NCI,15246
may_be_molecular_abnormality_of_disease,NCI,15246
inverse_isa,MSH,15147
isa,MSH,15147
count_of_base_of_active_ingredient_of,SNOMEDCT_US,14724
has_count_of_base_of_active_ingredient,SNOMEDCT_US,14724
count_of_base_of_active_ingredient_of,SCTSPA,14722
has_count_of_base_of_active_ingredient,SCTSPA,14722
chemotherapy_regimen_has_component,NCI,13986
is_component_of_chemotherapy_regimen,NCI,13986
co-occurs_with,CCPSS,13768
isa,UMD,13674
inverse_isa,UMD,13674
method_of,CPT,13598
has_method,CPT,13598
associated_finding_of,SNOMEDCT_US,13514
has_associated_finding,SNOMEDCT_US,13514
has_specimen,MEDCIN,13259
specimen_of,MEDCIN,13259
associated_finding_of,SCTSPA,13088
has_associated_finding,SCTSPA,13088
gene_found_in_organism,NCI,12850
organism_has_gene,NCI,12850
may_be_cytogenetic_abnormality_of_disease,NCI,12686
disease_may_have_cytogenetic_abnormality,NCI,12686
evaluation_of,LNC,12668
has_evaluation,LNC,12668
has_basis_of_strength_substance,SNOMEDCT_US,12390
basis_of_strength_substance_of,SNOMEDCT_US,12390
has_basis_of_strength_substance,SCTSPA,12389
basis_of_strength_substance_of,SCTSPA,12389
mapped_to,LCH_NW,12327
mapped_from,LCH_NW,12327
has_precise_ingredient,RXNORM,12233
precise_ingredient_of,RXNORM,12233
finding_context_of,SNOMEDCT_US,12092
has_finding_context,SNOMEDCT_US,12092
has_precise_active_ingredient,SNOMEDCT_US,12049
precise_active_ingredient_of,SNOMEDCT_US,12049
has_precise_active_ingredient,SCTSPA,12048
precise_active_ingredient_of,SCTSPA,12048
mapped_to,HLREL,11923
mapped_from,HLREL,11923
has_ingredients,RXNORM,11911
ingredients_of,RXNORM,11911
physiologic_effect_of,MED-RT,11810
has_physiologic_effect,MED-RT,11810
finding_context_of,SCTSPA,11716
has_finding_context,SCTSPA,11716
associated_with,SNOMEDCT_US,11480
has_contraindicated_drug,MED-RT,11453
contraindicated_with_disease,MED-RT,11453
associated_with,SCTSPA,11268
disposition_of,SNOMEDCT_US,11194
has_disposition,SNOMEDCT_US,11194
disposition_of,SCTSPA,11187
has_disposition,SCTSPA,11187
interprets,MEDCIN,11070
is_interpreted_by,MEDCIN,11070
consumer_friendly_form_of,CPT,10960
has_consumer_friendly_form,CPT,10960
definitional_manifestation_of,SNOMEDCT_US,10929
has_definitional_manifestation,SNOMEDCT_US,10929
translation_of,KCD5,10909
has_translation,KCD5,10909
has_component,PDQ,10814
component_of,PDQ,10814
definitional_manifestation_of,SCTSPA,10780
has_definitional_manifestation,SCTSPA,10780
role_played_by,SNOMEDCT_US,10766
plays_role,SNOMEDCT_US,10766
role_played_by,SCTSPA,10762
plays_role,SCTSPA,10762
has_part,RXNORM,10517
part_of,RXNORM,10517
branch_of,UWDA,10392
has_branch,UWDA,10392
used_for,CSP,10384
use,CSP,10384
access_of,SNOMEDCT_US,10344
has_access,SNOMEDCT_US,10344
access_of,SCTSPA,10338
has_access,SCTSPA,10338
has_focus,MEDCIN,10312
focus_of,MEDCIN,10312
has_physical_part_of_anatomic_structure,NCI,10306
anatomic_structure_is_physical_part_of,NCI,10306
occurs_after,SNOMEDCT_US,10272
occurs_before,SNOMEDCT_US,10272
finding_method_of,SNOMEDCT_US,10190
has_finding_method,SNOMEDCT_US,10190
occurs_before,SCTSPA,10096
occurs_after,SCTSPA,10096
has_procedure_site,CPT,10013
procedure_site_of,CPT,10013
finding_method_of,SCTSPA,9970
has_finding_method,SCTSPA,9970
has_focus,SNOMEDCT_US,9714
focus_of,SNOMEDCT_US,9714
part_of,GO,9660
has_part,GO,9660
uses_substance,SNOMEDCT_US,9154
substance_used_by,SNOMEDCT_US,9154
clinically_similar,RAM,9126
has_focus,SCTSPA,9101
focus_of,SCTSPA,9101
is_not_normal_cell_origin_of_disease,NCI,9051
disease_excludes_normal_cell_origin,NCI,9051
has_expanded_form,HCPCS,9006
expanded_form_of,HCPCS,9006
uses_substance,SCTSPA,8975
substance_used_by,SCTSPA,8975
has_component,MEDCIN,8884
component_of,MEDCIN,8884
has_boss,RXNORM,8718
boss_of,RXNORM,8718
has_procedure_site,MEDCIN,8699
procedure_site_of,MEDCIN,8699
is_structural_domain_or_motif_of_gene_product,NCI,8529
gene_product_has_structural_domain_or_motif,NCI,8529
active_ingredient_of,MEDCIN,8393
has_active_ingredient,MEDCIN,8393
presentation_strength_numerator_unit_of,SNOMEDCT_US,8315
presentation_strength_numerator_unit_of,SCTSPA,8315
has_presentation_strength_numerator_unit,SNOMEDCT_US,8315
has_presentation_strength_numerator_unit,SCTSPA,8315
clinical_course_of,SNOMEDCT_US,8105
has_clinical_course,SNOMEDCT_US,8105
presentation_strength_denominator_unit_of,SNOMEDCT_US,8031
presentation_strength_denominator_unit_of,SCTSPA,8031
has_presentation_strength_denominator_unit,SNOMEDCT_US,8031
has_presentation_strength_denominator_unit,SCTSPA,8031
gene_mapped_to_disease,NCI,8029
disease_mapped_to_gene,NCI,8029
partially_equivalent_to,SNOMEDCT_US,8000
mechanism_of_action_of,MED-RT,7838
has_mechanism_of_action,MED-RT,7838
is_associated_anatomy_of_gene_product,NCI,7765
gene_product_has_associated_anatomy,NCI,7765
inheritance_type_of,OMIM,7760
has_inheritance_type,OMIM,7760
uses,SNOMEDCT_US,7642
used_by,SNOMEDCT_US,7642
clinical_course_of,SCTSPA,7641
has_clinical_course,SCTSPA,7641
uses,SCTSPA,7638
used_by,SCTSPA,7638
add_on_code_for,CPT,7536
has_add_on_code,CPT,7536
parent_group_of,LNC,7519
has_parent_group,LNC,7519
expanded_form_of,ICPC2P,7495
has_expanded_form,ICPC2P,7495
has_imaged_location,LNC,7449
is_imaged_location_for,LNC,7449
is_stage_of_disease,NCI,7099
disease_is_stage,NCI,7099
branch_of,FMA,7032
has_branch,FMA,7032
has_modality_type,LNC,7028
is_modality_type_for,LNC,7028
has_associated_procedure,SNOMEDCT_US,6794
associated_procedure_of,SNOMEDCT_US,6794
has_quantified_form,RXNORM,6765
quantified_form_of,RXNORM,6765
unit_of_presentation_of,SNOMEDCT_US,6742
unit_of_presentation_of,SCTSPA,6742
has_unit_of_presentation,SNOMEDCT_US,6742
has_unit_of_presentation,SCTSPA,6742
has_indirect_procedure_site,MEDCIN,6729
indirect_procedure_site_of,MEDCIN,6729
has_presentation_strength_numerator_value,SNOMEDCT_US,6689
has_presentation_strength_numerator_value,SCTSPA,6689
presentation_strength_numerator_value_of,SNOMEDCT_US,6689
presentation_strength_numerator_value_of,SCTSPA,6689
is_target,NCI,6621
has_target,NCI,6621
mapped_to,CST,6509
mapped_from,CST,6509
has_method,MEDCIN,6482
method_of,MEDCIN,6482
has_imaging_focus,LNC,6427
is_imaging_focus_of,LNC,6427
includes,RXNORM,6400
included_in,RXNORM,6400
procedure_context_of,SNOMEDCT_US,6374
has_procedure_context,SNOMEDCT_US,6374
has_associated_procedure,SCTSPA,6325
associated_procedure_of,SCTSPA,6325
has_measured_component,SNOMEDCT_US,6305
measured_component_of,SNOMEDCT_US,6305
has_measured_component,SCTSPA,6297
measured_component_of,SCTSPA,6297
regulates,GO,6271
regulated_by,GO,6271
is_biochemical_function_of_gene_product,NCI,6045
gene_product_has_biochemical_function,NCI,6045
has_divisor,LNC,6024
divisor_of,LNC,6024
has_presentation_strength_denominator_value,SNOMEDCT_US,6013
has_presentation_strength_denominator_value,SCTSPA,6013
presentation_strength_denominator_value_of,SNOMEDCT_US,6013
presentation_strength_denominator_value_of,SCTSPA,6013
procedure_context_of,SCTSPA,5917
has_procedure_context,SCTSPA,5917
other_mapped_to,ICD10AM,5751
other_mapped_from,ICD10AM,5751
has_tradename,NCI,5718
tradename_of,NCI,5718
genetic_biomarker_related_to,NCI,5712
related_to_genetic_biomarker,NCI,5712
associated_with,BI,5696
has_member,ATC,5678
member_of,ATC,5678
positively_regulates,GO,5597
positively_regulated_by,GO,5597
negatively_regulates,GO,5557
negatively_regulated_by,GO,5557
therapeutic_class_of,MED-RT,5539
has_therapeutic_class,MED-RT,5539
is_not_primary_anatomic_site_of_disease,NCI,5283
disease_excludes_primary_anatomic_site,NCI,5283
inverse_isa,MSHCZE,5084
inverse_isa,MSHPOL,5084
inverse_isa,MSHFRE,5084
inverse_isa,MSHRUS,5084
inverse_isa,MSHPOR,5084
inverse_isa,MSHSPA,5084
isa,MSHCZE,5084
isa,MSHPOL,5084
isa,MSHSPA,5084
isa,MSHPOR,5084
isa,MSHFRE,5084
isa,MSHRUS,5084
inverse_isa,MSHGER,5077
isa,MSHGER,5077
inverse_isa,MSHSWE,5045
isa,MSHSWE,5045
specimen_of,SNOMEDCT_US,5016
has_specimen,SNOMEDCT_US,5016
specimen_of,SCTSPA,5015
has_specimen,SCTSPA,5015
inverse_isa,MSHITA,5009
isa,MSHITA,5009
molecular_abnormality_involves_gene,NCI,4865
gene_involved_in_molecular_abnormality,NCI,4865
course_of,SNOMEDCT_US,4808
has_course,SNOMEDCT_US,4808
course_of,SCTSPA,4803
has_course,SCTSPA,4803
gene_in_chromosomal_location,NCI,4739
is_chromosomal_location_of_gene,NCI,4739
has_causative_agent,MEDCIN,4725
causative_agent_of,MEDCIN,4725
related_to,MEDLINEPLUS,4718
mapped_from,LNC,4657
mapped_to,LNC,4657
referred_to_by,SNOMEDCT_US,4603
refers_to,SNOMEDCT_US,4603
member_of,FMA,4542
has_member,FMA,4542
has_expanded_form,ALT,4396
expanded_form_of,ALT,4396
mth_has_xml_form,SNOMEDCT_US,4373
mth_has_plain_text_form,SNOMEDCT_US,4373
mth_xml_form_of,SNOMEDCT_US,4373
mth_plain_text_form_of,SNOMEDCT_US,4373
mth_has_expanded_form,GO,4338
mth_expanded_form_of,GO,4338
uses_substance,MEDCIN,4320
substance_used_by,MEDCIN,4320
inverse_isa,PDQ,4298
isa,PDQ,4298
revision_status_of,SNOMEDCT_US,4265
has_revision_status,SNOMEDCT_US,4265
mth_plain_text_form_of,SCTSPA,4264
mth_xml_form_of,SCTSPA,4264
mth_has_plain_text_form,SCTSPA,4264
mth_has_xml_form,SCTSPA,4264
revision_status_of,SCTSPA,4262
has_revision_status,SCTSPA,4262
has_lateral_anatomic_location,LNC,4245
is_lateral_anatomic_location_of,LNC,4245
inverse_isa,MSHFIN,4236
isa,MSHFIN,4236
has_lateral_location_presence,LNC,4223
is_presence_of_lateral_location,LNC,4223
lab_number_of,PDQ,4204
has_lab_number,PDQ,4204
has_finding_site,SNOMEDCT_VET,4197
finding_site_of,SNOMEDCT_VET,4197
expanded_form_of,NCBI,4167
has_expanded_form,NCBI,4167
concentration_strength_numerator_unit_of,SNOMEDCT_US,4153
has_concentration_strength_numerator_unit,SNOMEDCT_US,4153
concentration_strength_numerator_unit_of,SCTSPA,4152
has_concentration_strength_numerator_unit,SCTSPA,4152
access_device_used_by,SNOMEDCT_US,4118
uses_access_device,SNOMEDCT_US,4118
concentration_strength_denominator_unit_of,SNOMEDCT_US,4116
has_concentration_strength_denominator_unit,SNOMEDCT_US,4116
concentration_strength_denominator_unit_of,SCTSPA,4115
has_concentration_strength_denominator_unit,SCTSPA,4115
access_device_used_by,SCTSPA,4113
uses_access_device,SCTSPA,4113
has_ctcae_5_parent,NCI,4048
ctcae_5_parent_of,NCI,4048
has_aggregation_view,LNC,3971
is_aggregation_view_of,LNC,3971
inverse_isa,MSHJPN,3911
isa,MSHJPN,3911
inverse_isa,CPM,3853
isa,CPM,3853
temporally_followed_by,SNOMEDCT_US,3778
temporally_followed_by,SCTSPA,3778
temporally_follows,SNOMEDCT_US,3778
temporally_follows,SCTSPA,3778
has_measurement_method,MEDCIN,3685
measurement_method_of,MEDCIN,3685
characterized_by,SNOMEDCT_US,3684
characterizes,SNOMEDCT_US,3684
characterized_by,SCTSPA,3680
characterizes,SCTSPA,3680
replaces,SNOMEDCT_VET,3665
replaced_by,SNOMEDCT_VET,3665
has_member,PSY,3631
member_of,PSY,3631
has_expanded_form,PDQ,3606
expanded_form_of,PDQ,3606
has_conceptual_part,NCI,3585
conceptual_part_of,NCI,3585
property_of,SNOMEDCT_US,3583
has_property,SNOMEDCT_US,3583
property_of,SCTSPA,3579
has_property,SCTSPA,3579
related_part,FMA,3574
is_mechanism_of_action_of_chemical_or_drug,NCI,3530
chemical_or_drug_has_mechanism_of_action,NCI,3530
has_alternative,SNOMEDCT_US,3470
alternative_of,SNOMEDCT_US,3470
structural_class_of,MED-RT,3466
has_specimen_source_topography,SNOMEDCT_US,3466
has_structural_class,MED-RT,3466
specimen_source_topography_of,SNOMEDCT_US,3466
has_specimen_source_topography,SCTSPA,3431
specimen_source_topography_of,SCTSPA,3431
access_instrument_of,SNOMEDCT_US,3410
access_instrument_of,SCTSPA,3410
has_access_instrument,SNOMEDCT_US,3410
has_access_instrument,SCTSPA,3410
inheres_in,SNOMEDCT_US,3353
has_inherent_attribute,SNOMEDCT_US,3353
inheres_in,SCTSPA,3352
has_inherent_attribute,SCTSPA,3352
contained_in,RXNORM,3292
contains,RXNORM,3292
tributary_of,UWDA,3280
has_tributary,UWDA,3280
contains,MMSL,3205
contained_in,MMSL,3205
see_from,CSP,3191
see,CSP,3191
has_interpretation,MEDCIN,3165
interpretation_of,MEDCIN,3165
eo_anatomy_is_associated_with_eo_disease,NCI,3135
eo_disease_has_associated_eo_anatomy,NCI,3135
approach_of,SNOMEDCT_US,3123
has_approach,SNOMEDCT_US,3123
approach_of,SCTSPA,3122
has_approach,SCTSPA,3122
has_direct_substance,MEDCIN,3101
direct_substance_of,MEDCIN,3101
is_physiologic_effect_of_chemical_or_drug,NCI,3086
chemical_or_drug_has_physiologic_effect,NCI,3086
has_associated_morphology,SNOMEDCT_VET,3069
associated_morphology_of,SNOMEDCT_VET,3069
has_concentration_strength_numerator_value,SNOMEDCT_US,3063
has_concentration_strength_numerator_value,SCTSPA,3063
concentration_strength_numerator_value_of,SNOMEDCT_US,3063
concentration_strength_numerator_value_of,SCTSPA,3063
has_concentration_strength_denominator_value,SNOMEDCT_US,3059
has_concentration_strength_denominator_value,SCTSPA,3059
concentration_strength_denominator_value_of,SNOMEDCT_US,3059
concentration_strength_denominator_value_of,SCTSPA,3059
scale_type_of,SNOMEDCT_US,3048
has_scale_type,SNOMEDCT_US,3048
scale_type_of,SCTSPA,3046
has_scale_type,SCTSPA,3046
consider,GO,3043
consider_from,GO,3043
life_circumstance_of,SNOMEDCT_VET,3035
has_life_circumstance,SNOMEDCT_VET,3035
is_molecular_abnormality_of_disease,NCI,3000
disease_has_molecular_abnormality,NCI,3000
uses_device,MEDCIN,2985
device_used_by,MEDCIN,2985
has_tradename,PDQ,2910
tradename_of,PDQ,2910
has_timing_of,LNC,2884
is_timing_for,LNC,2884
has_location,MTHMST,2882
location_of,MTHMST,2882
has_modification,SNOMEDCT_US,2867
has_modification,SCTSPA,2867
is_modification_of,SNOMEDCT_US,2867
is_modification_of,SCTSPA,2867
finding_informer_of,SNOMEDCT_US,2754
has_finding_informer,SNOMEDCT_US,2754
finding_informer_of,SCTSPA,2750
has_finding_informer,SCTSPA,2750
disease_may_have_associated_disease,NCI,2746
may_be_associated_disease_of_disease,NCI,2746
has_procedure_device,CPT,2719
procedure_device_of,CPT,2719
may_be_prevented_by,MED-RT,2715
may_prevent,MED-RT,2715
has_associated_condition,MEDLINEPLUS,2646
associated_condition_of,MEDLINEPLUS,2646
has_pathology,CPT,2642
pathology_of,CPT,2642
ssc,CCPSS,2606
has_free_acid_or_base_form,NCI,2555
has_salt_or_ester_form,NCI,2555
has_given_pharmaceutical_substance,LNC,2553
is_given_pharmaceutical_substance_for,LNC,2553
continuous_with,FMA,2512
gene_product_sequence_variation_encoded_by_gene_mutant,NCI,2492
gene_mutant_encodes_gene_product_sequence_variation,NCI,2492
gene_product_has_chemical_classification,NCI,2481
is_chemical_classification_of_gene_product,NCI,2481
used_for,PSY,2459
use,PSY,2459
direct_device_of,MEDCIN,2397
has_direct_device,MEDCIN,2397
has_component,CPT,2389
component_of,CPT,2389
associated_with,LNC,2322
surgical_approach_of,SNOMEDCT_US,2318
has_surgical_approach,SNOMEDCT_US,2318
surgical_approach_of,SCTSPA,2317
has_surgical_approach,SCTSPA,2317
entry_term_of,OMIM,2308
has_entry_term,OMIM,2308
time_aspect_of,SNOMEDCT_US,2220
has_time_aspect,SNOMEDCT_US,2220
time_aspect_of,SCTSPA,2218
has_time_aspect,SCTSPA,2218
has_defining_characteristic,NANDA-I,2208
defining_characteristic_of,NANDA-I,2208
has_nerve_supply,FMA,2133
nerve_supply_of,FMA,2133
gene_associated_with_disease,NCI,2124
disease_has_associated_gene,NCI,2124
has_specimen_procedure,SNOMEDCT_US,2114
specimen_procedure_of,SNOMEDCT_US,2114
inverse_isa,NEU,2104
isa,NEU,2104
has_specimen_substance,SNOMEDCT_US,2097
specimen_substance_of,SNOMEDCT_US,2097
has_specimen_procedure,SCTSPA,2089
specimen_procedure_of,SCTSPA,2089
priority_of,SNOMEDCT_US,2059
has_priority,SNOMEDCT_US,2059
priority_of,SCTSPA,2054
has_priority,SCTSPA,2054
energy_used_by,SNOMEDCT_US,2050
uses_energy,SNOMEDCT_US,2050
has_specimen_substance,SCTSPA,2049
specimen_substance_of,SCTSPA,2049
has_pharmaceutical_route,LNC,2043
is_pharmaceutical_route_for,LNC,2043
energy_used_by,SCTSPA,2032
uses_energy,SCTSPA,2032
has_subject_relationship_context,MEDCIN,2025
subject_relationship_context_of,MEDCIN,2025
measures,CPM,2016
measured_by,CPM,2016
has_indirect_morphology,SNOMEDCT_US,1997
indirect_morphology_of,SNOMEDCT_US,1997
has_view_type,LNC,1995
is_view_type_for,LNC,1995
has_indirect_morphology,SCTSPA,1991
indirect_morphology_of,SCTSPA,1991
mapped_to,CDCREC,1987
mapped_from,CDCREC,1987
procedure_approach_of,SNOMEDCT_US,1962
has_procedure_approach,SNOMEDCT_US,1962
realization_of,SNOMEDCT_US,1961
has_realization,SNOMEDCT_US,1961
procedure_approach_of,SCTSPA,1961
has_procedure_approach,SCTSPA,1961
is_not_normal_tissue_origin_of_disease,NCI,1948
disease_excludes_normal_tissue_origin,NCI,1948
continuous_proximally_with,FMA,1948
continuous_distally_with,FMA,1948
realization_of,SCTSPA,1946
has_realization,SCTSPA,1946
contraindicated_class_of,MED-RT,1936
has_contraindicated_class,MED-RT,1936
gene_product_expressed_in_tissue,NCI,1897
tissue_is_expression_site_of_gene_product,NCI,1897
uses_substance,CPT,1850
substance_used_by,CPT,1850
has_active_ingredient,SNOMEDCT_VET,1830
active_ingredient_of,SNOMEDCT_VET,1830
eo_disease_maps_to_human_disease,NCI,1820
human_disease_maps_to_eo_disease,NCI,1820
has_procedure_morphology,MEDCIN,1781
procedure_morphology_of,MEDCIN,1781
replaced_by,GO,1761
replaces,GO,1761
clinical_course_of,MEDCIN,1690
has_clinical_course,MEDCIN,1690
may_be_abnormal_cell_of_disease,NCI,1623
disease_may_have_abnormal_cell,NCI,1623
has_inherent_location,SNOMEDCT_US,1616
has_inherent_location,SCTSPA,1616
inherent_location_of,SNOMEDCT_US,1616
inherent_location_of,SCTSPA,1616
wound_has_communication_with,SNOMEDCT_US,1590
has_communication_with_wound,SNOMEDCT_US,1590
wound_has_communication_with,SCTSPA,1585
has_communication_with_wound,SCTSPA,1585
expanded_form_of,NEU,1575
has_expanded_form,NEU,1575
gene_involved_in_pathogenesis_of_disease,NCI,1559
pathogenesis_of_disease_involves_gene,NCI,1559
is_grade_of_disease,NCI,1513
disease_is_grade,NCI,1513
default_mapped_from,NCISEER,1491
default_mapped_to,NCISEER,1491
has_associated_finding,MEDCIN,1485
associated_finding_of,MEDCIN,1485
is_organism_source_of_gene_product,NCI,1435
gene_product_has_organism_source,NCI,1435
has_archetype,LNC,1423
archetype_of,LNC,1423
specimen_of,CPT,1383
has_specimen,CPT,1383
exhibited_by,MTH,1356
mapped_to,MEDLINEPLUS,1356
mapped_from,MEDLINEPLUS,1356
exhibits,MTH,1356
uniquely_mapped_from,NCISEER,1348
uniquely_mapped_to,NCISEER,1348
diagnostic_criteria_of,DSM-5,1337
has_diagnostic_criteria,DSM-5,1337
inverse_isa,ATC,1318
isa,ATC,1318
isa,CDCREC,1314
inverse_isa,CDCREC,1314
extent_of,SNOMEDCT_US,1305
has_extent,SNOMEDCT_US,1305
expanded_form_of,HCPT,1303
has_expanded_form,HCPT,1303
extent_of,SCTSPA,1298
has_extent,SCTSPA,1298
is_action_guidance_for,LNC,1291
has_action_guidance,LNC,1291
disease_has_associated_disease,NCI,1286
is_associated_disease_of,NCI,1286
has_modality_subtype,LNC,1254
is_modality_subtype_for,LNC,1254
target_anatomy_has_procedure,NCI,1232
procedure_has_target_anatomy,NCI,1232
has_possibly_included_procedure_site,CPT,1214
procedure_site_of_possibly_included,CPT,1214
cytogenetic_abnormality_involves_chromosome,NCI,1209
chromosome_involved_in_cytogenetic_abnormality,NCI,1209
has_direct_site,SNOMEDCT_US,1190
direct_site_of,SNOMEDCT_US,1190
has_property,MEDCIN,1185
property_of,MEDCIN,1185
has_direct_site,SCTSPA,1183
direct_site_of,SCTSPA,1183
has_presence_guidance,LNC,1175
is_presence_guidance_for,LNC,1175
has_associated_condition,NANDA-I,1161
associated_condition_of,NANDA-I,1161
is_not_molecular_abnormality_of_disease,NCI,1159
disease_excludes_molecular_abnormality,NCI,1159
has_tributary,FMA,1138
tributary_of,FMA,1138
part_of,SNOMEDCT_VET,1137
has_part,SNOMEDCT_VET,1137
has_possibly_included_method,CPT,1090
method_of_possibly_included,CPT,1090
has_procedure_device,SNOMEDCT_US,1087
procedure_device_of,SNOMEDCT_US,1087
has_related_factor,NANDA-I,1085
related_factor_of,NANDA-I,1085
has_procedure_device,SCTSPA,1084
procedure_device_of,SCTSPA,1084
mth_british_form_of,ICPC2P,1083
mth_has_british_form,ICPC2P,1083
bounds,FMA,1080
bounded_by,FMA,1080
has_device_intended_site,SNOMEDCT_US,1078
device_intended_site_of,SNOMEDCT_US,1078
has_device_intended_site,SCTSPA,1076
device_intended_site_of,SCTSPA,1076
has_associated_observation,MEDCIN,1069
associated_observation_of,MEDCIN,1069
inverse_isa,MTHMST,1063
isa,MTHMST,1063
is_dipg_dmg_authorized_value_for_variable,NCI,1059
has_dipg_dmg_authorized_value,NCI,1059
pathological_process_of,SNOMEDCT_VET,1057
has_pathological_process,SNOMEDCT_VET,1057
interprets,SNOMEDCT_VET,1030
is_interpreted_by,SNOMEDCT_VET,1030
associated_procedure_of,CPT,1013
has_associated_procedure,CPT,1013
onset_of,SNOMEDCT_US,988
onset_of,SCTSPA,988
has_onset,SNOMEDCT_US,988
has_onset,SCTSPA,988
is_physical_location_of_gene,NCI,984
gene_has_physical_location,NCI,984
product_monograph_title_of,USP,975
has_product_monograph_title,USP,975
chemical_or_drug_affects_cell_type_or_tissue,NCI,961
cell_type_or_tissue_affected_by_chemical_or_drug,NCI,961
has_procedure_morphology,SNOMEDCT_US,937
procedure_morphology_of,SNOMEDCT_US,937
has_procedure_morphology,SCTSPA,932
procedure_morphology_of,SCTSPA,932
has_device_characteristic,SNOMEDCT_US,922
gene_product_variant_of_gene_product,NCI,922
device_characteristic_of,SNOMEDCT_US,922
gene_product_has_gene_product_variant,NCI,922
has_device_characteristic,SCTSPA,921
device_characteristic_of,SCTSPA,921
process_acts_on,SNOMEDCT_US,917
process_acts_on,SCTSPA,917
due_to,MEDCIN,917
acted_on_by_process,SNOMEDCT_US,917
acted_on_by_process,SCTSPA,917
cause_of,MEDCIN,917
replaced_by,ICPC2P,909
replaces,ICPC2P,909
contains,FMA,893
contained_in,FMA,893
adjectival_form_of,SNMI,878
noun_form_of,SNMI,878
approach_of,CPT,854
has_approach,CPT,854
access_of,MEDCIN,849
has_access,MEDCIN,849
has_causative_agent,SNOMEDCT_VET,843
causative_agent_of,SNOMEDCT_VET,843
has_expanded_form,HCDT,838
expanded_form_of,HCDT,838
complex_has_physical_part,NCI,837
gene_product_is_physical_part_of,NCI,837
occurs_after,MEDCIN,830
occurs_before,MEDCIN,830
technique_of,SNOMEDCT_US,829
has_technique,SNOMEDCT_US,829
technique_of,SCTSPA,825
has_technique,SCTSPA,825
efferent_to,FMA,823
afferent_to,FMA,823
receives_input_from,FMA,811
sends_output_to,FMA,811
has_risk_factor,NANDA-I,810
during,SNOMEDCT_US,810
inverse_during,SNOMEDCT_US,810
risk_factor_of,NANDA-I,810
has_pcdc_os_authorized_value,NCI,809
is_pcdc_os_authorized_value_for_variable,NCI,809
during,SCTSPA,809
inverse_during,SCTSPA,809
modifies,CCC,804
modified_by,CCC,804
mth_expanded_form_of,MDR,802
mth_has_expanded_form,MDR,802
has_pcdc_hl_authorized_value,NCI,799
is_pcdc_hl_authorized_value_for_variable,NCI,799
inverse_isa,MSHSCR,787
isa,MSHSCR,787
process_duration_of,SNOMEDCT_US,782
process_duration_of,SCTSPA,782
has_process_duration,SNOMEDCT_US,782
has_process_duration,SCTSPA,782
is_acc-aha_sars2_authorized_value_for_variable,NCI,781
has_acc-aha_sars2_authorized_value,NCI,781
has_pcdc_ews_authorized_value,NCI,774
is_pcdc_ews_authorized_value_for_variable,NCI,774
is_not_cytogenetic_abnormality_of_disease,NCI,768
disease_excludes_cytogenetic_abnormality,NCI,768
lymphatic_drainage_of,FMA,764
has_lymphatic_drainage,FMA,764
is_seronet_authorized_value_for_variable,NCI,761
has_seronet_authorized_value,NCI,761
inverse_isa,MSHNOR,732
isa,MSHNOR,732
has_expanded_form,FMA,732
expanded_form_of,FMA,732
has_ooro_pc_value,NCI,725
is_ooro_pc_value_of,NCI,725
enzyme_metabolizes_chemical_or_drug,NCI,714
chemical_or_drug_is_metabolized_by_enzyme,NCI,714
process_includes_biological_process,NCI,707
biological_process_is_part_of_process,NCI,707
segmental_supply_of,FMA,705
has_segmental_supply,FMA,705
has_associated_etiologic_finding,SNOMEDCT_US,702
has_associated_etiologic_finding,SCTSPA,702
associated_etiologic_finding_of,SNOMEDCT_US,702
associated_etiologic_finding_of,SCTSPA,702
has_at_risk_population,NANDA-I,695
population_at_risk_for,NANDA-I,695
articulates_with,FMA,692
entry_combination_of,MSHFIN,689
has_entry_combination,MSHFIN,689
expanded_form_of,ICPC2EENG,686
has_expanded_form,ICPC2EENG,686
has_pcdc_aml_authorized_value,NCI,657
is_pcdc_aml_authorized_value_for_variable,NCI,657
pharmaceutical_state_of_matter_of,NCI,652
severity_of,MEDCIN,652
has_pharmaceutical_state_of_matter,NCI,652
has_severity,MEDCIN,652
arterial_supply_of,FMA,632
has_arterial_supply,FMA,632
pharmaceutical_basic_dose_form_of,NCI,628
has_pharmaceutical_basic_dose_form,NCI,628
role_played_by,SNOMEDCT_VET,624
plays_role,SNOMEDCT_VET,624
disease_has_cytogenetic_abnormality,NCI,604
is_cytogenetic_abnormality_of_disease,NCI,604
surgical_extent_of,CPT,601
has_surgical_extent,CPT,601
possibly_replaced_by,SNOMEDCT_US,590
possibly_replaces,SNOMEDCT_US,590
excised_anatomy_has_procedure,NCI,585
procedure_has_excised_anatomy,NCI,585
pharmaceutical_administration_method_of,NCI,583
has_pharmaceutical_administration_method,NCI,583
has_procedure_approach,MEDCIN,578
procedure_approach_of,MEDCIN,578
pharmaceutical_intended_site_of,NCI,566
has_pharmaceutical_intended_site,NCI,566
is_location_of_biological_process,NCI,563
biological_process_has_associated_location,NCI,563
pharmaceutical_transformation_of,NCI,557
has_pharmaceutical_transformation,NCI,557
severity_of,SNOMEDCT_US,554
has_severity,SNOMEDCT_US,554
anterior_to,FMA,545
posterior_to,FMA,545
pharmaceutical_release_characteristics_of,NCI,539
has_pharmaceutical_release_characteristics,NCI,539
laterality_of,SNOMEDCT_VET,534
has_laterality,SNOMEDCT_VET,534
dose_form_intended_site_of,SNOMEDCT_US,533
dose_form_intended_site_of,SCTSPA,533
has_dose_form_intended_site,SNOMEDCT_US,533
has_dose_form_intended_site,SCTSPA,533
disease_has_metastatic_anatomic_site,NCI,530
is_metastatic_anatomic_site_of_disease,NCI,530
actual_outcome_of,CCC,528
expected_outcome_of,CCC,528
has_actual_outcome,CCC,528
has_expected_outcome,CCC,528
has_method,SNOMEDCT_VET,524
method_of,SNOMEDCT_VET,524
is_object_guidance_for,LNC,519
is_exam_for,LNC,519
has_exam,LNC,519
has_object_guidance,LNC,519
gene_product_malfunction_associated_with_disease,NCI,511
associated_with_malfunction_of_gene_product,NCI,511
severity_of,SCTSPA,510
has_severity,SCTSPA,510
ddx,CCPSS,508
intent_of,MEDCIN,508
has_intent,MEDCIN,508
route_of_administration_of,SNOMEDCT_US,507
has_route_of_administration,SNOMEDCT_US,507
has_compositional_material,SNOMEDCT_US,501
has_compositional_material,SCTSPA,501
compositional_material_of,SNOMEDCT_US,501
compositional_material_of,SCTSPA,501
receives_attachment_from,FMA,500
attaches_to,FMA,500
has_process_output,SNOMEDCT_US,492
has_process_output,SCTSPA,492
process_output_of,SNOMEDCT_US,492
process_output_of,SCTSPA,492
has_multi_level_category,CCS,491
has_single_level_category,CCS,491
route_of_administration_of,SCTSPA,491
has_route_of_administration,SCTSPA,491
direct_right_of,FMA,487
direct_left_of,FMA,487
gene_product_affected_by_chemical_or_drug,NCI,481
chemical_or_drug_affects_gene_product,NCI,481
dose_form_administration_method_of,SNOMEDCT_US,478
dose_form_administration_method_of,SCTSPA,478
has_dose_form_administration_method,SNOMEDCT_US,478
has_dose_form_administration_method,SCTSPA,478
occurs_in,MEDCIN,476
has_occurrence,MEDCIN,476
has_pcdc_gct_authorized_value,NCI,471
is_pcdc_gct_authorized_value_for_variable,NCI,471
dose_form_release_characteristic_of,SNOMEDCT_US,470
dose_form_release_characteristic_of,SCTSPA,470
has_dose_form_release_characteristic,SNOMEDCT_US,470
has_dose_form_release_characteristic,SCTSPA,470
superior_to,FMA,469
inferior_to,FMA,469
has_contraindicated_mechanism_of_action,MED-RT,459
contraindicated_mechanism_of_action_of,MED-RT,459
has_basic_dose_form,SNOMEDCT_US,458
has_basic_dose_form,SCTSPA,458
basic_dose_form_of,SNOMEDCT_US,458
basic_dose_form_of,SCTSPA,458
chromosome_mapped_to_disease,NCI,454
disease_mapped_to_chromosome,NCI,454
dose_form_transformation_of,SNOMEDCT_US,453
dose_form_transformation_of,SCTSPA,453
has_dose_form_transformation,SNOMEDCT_US,453
has_dose_form_transformation,SCTSPA,453
has_maneuver_type,LNC,448
is_maneuver_type_for,LNC,448
regimen_has_accepted_use_for_disease,NCI,442
disease_has_accepted_treatment_with_regimen,NCI,442
mapped_from,CVX,438
mapped_to,CVX,438
multiply_mapped_to,NCISEER,436
multiply_mapped_from,NCISEER,436
value_set_is_paired_with,NCI,422
is_paired_with_value_set,NCI,422
relative_to,SNOMEDCT_US,417
relative_to,SCTSPA,417
inverse_relative_to,SNOMEDCT_US,417
inverse_relative_to,SCTSPA,417
has_specimen_source_identity,SNOMEDCT_US,416
specimen_source_identity_of,SNOMEDCT_US,416
replaced_by,HPO,414
replaces,HPO,414
has_specimen_source_identity,SCTSPA,407
specimen_source_identity_of,SCTSPA,407
icd_dagger,ICD10AM,404
biomarker_type_includes_gene_product,NCI,386
gene_product_is_biomarker_type,NCI,386
supported_concept_property_in,HL7V3.0,386
has_supported_concept_property,HL7V3.0,386
has_direct_morphology,MEDCIN,377
has_sign_or_symptom,OMS,377
sign_or_symptom_of,OMS,377
direct_morphology_of,MEDCIN,377
is_approach_guidance_for,LNC,373
has_approach_guidance,LNC,373
occurs_in,GO,370
has_occurrence,GO,370
has_context_binding,HL7V3.0,369
context_binding_of,HL7V3.0,369
instrumentation_of,SNOMEDCT_US,368
has_instrumentation,SNOMEDCT_US,368
instrumentation_of,SCTSPA,367
has_instrumentation,SCTSPA,367
temporally_related_to,SNOMEDCT_US,364
pcdc_data_type_of,NCI,363
has_pcdc_data_type,NCI,363
is_location_of_anatomic_structure,NCI,362
anatomic_structure_has_location,NCI,362
has_possibly_included_procedure_device,CPT,360
procedure_device_of_possibly_included,CPT,360
has_pcdc_all_authorized_value,NCI,354
is_pcdc_all_authorized_value_for_variable,NCI,354
has_proper_part_of,MEDCIN,347
proper_part_of,MEDCIN,347
same_as,SNOMEDCT_VET,340
part_anatomy_structure_of,SNOMEDCT_US,339
has_part_anatomy_structure,SNOMEDCT_US,339
has_specimen_source_morphology,SNOMEDCT_US,311
specimen_source_morphology_of,SNOMEDCT_US,311
temporally_related_to,SCTSPA,306
has_specimen_source_morphology,SCTSPA,299
specimen_source_morphology_of,SCTSPA,299
uses_access_device,MEDCIN,295
access_device_used_by,MEDCIN,295
has_occurrence,SNOMEDCT_VET,284
occurs_in,SNOMEDCT_VET,284
subject_of_information_of,SNOMEDCT_US,283
subject_of_information_of,SCTSPA,283
has_subject_of_information,SNOMEDCT_US,283
has_subject_of_information,SCTSPA,283
has_excluded_procedure_site,CPT,278
procedure_site_of_excluded,CPT,278
procedure_has_partially_excised_anatomy,NCI,277
partially_excised_anatomy_has_procedure,NCI,277
origin_of,FMA,277
has_origin,FMA,277
interpretation_of,SNOMEDCT_VET,275
has_interpretation,SNOMEDCT_VET,275
has_contraindicated_physiologic_effect,MED-RT,274
derives,FMA,274
derives_from,FMA,274
contraindicated_physiologic_effect_of,MED-RT,274
has_expanded_form,PNDS,272
expanded_form_of,PNDS,272
has_indirect_device,SNOMEDCT_US,260
has_indirect_device,SCTSPA,260
indirect_device_of,SNOMEDCT_US,260
indirect_device_of,SCTSPA,260
is_sterile,SNOMEDCT_US,256
is_sterile,SCTSPA,256
answer_to_is_sterile,SNOMEDCT_US,256
answer_to_is_sterile,SCTSPA,256
receives_drainage_from,FMA,254
drains_into,FMA,254
related_object,FMA,252
has_physiologic_state,SNOMEDCT_VET,250
physiologic_state_of,SNOMEDCT_VET,250
has_excluded_method,CPT,244
method_of_excluded,CPT,244
eo_disease_has_property_or_attribute,NCI,244
is_property_or_attribute_of_eo_disease,NCI,244
associated_genetic_condition,PDQ,243
associated_disease,PDQ,243
has_time_modifier,LNC,236
time_modifier_of,LNC,236
manifestation_of,MTHMST,235
has_manifestation,MTHMST,235
use,AOT,231
used_for,AOT,231
has_count_of_base_of_active_ingredient,SNOMEDCT_VET,229
count_of_base_of_active_ingredient_of,SNOMEDCT_VET,229
gene_has_abnormality,NCI,227
disease_may_have_normal_cell_origin,NCI,227
may_be_normal_cell_origin_of_disease,NCI,227
is_abnormality_of_gene,NCI,227
measures,MTH,225
measured_by,MTH,225
mapped_from,HCPT,220
mapped_to,HCPT,220
route_of_administration_of,CPT,219
has_route_of_administration,CPT,219
has_direct_procedure_site,SNOMEDCT_VET,216
direct_procedure_site_of,SNOMEDCT_VET,216
insertion_of,FMA,213
has_insertion,FMA,213
mapped_to,HCPCS,212
mapped_from,HCPCS,212
adjustment_of,LNC,210
has_adjustment,LNC,210
lateral_to,FMA,207
medial_to,FMA,207
has_time_aspect,MEDCIN,205
time_aspect_of,MEDCIN,205
inc_parent_of,NCI,201
has_inc_parent,NCI,201
version_of,SRC,195
has_version,SRC,195
developmental_stage_of,FMA,193
has_developmental_stage,FMA,193
episodicity_of,SNOMEDCT_US,191
episodicity_of,SCTSPA,191
has_episodicity,SNOMEDCT_US,191
has_episodicity,SCTSPA,191
has_recipient_category,SNOMEDCT_US,190
has_recipient_category,SCTSPA,190
manufactures,MVX,190
recipient_category_of,SCTSPA,190
recipient_category_of,SNOMEDCT_US,190
manufactured_by,MVX,190
possibly_equivalent_to,SNOMEDCT_VET,186
allele_has_abnormality,NCI,183
has_scale_type,MEDCIN,183
scale_type_of,MEDCIN,183
abnormality_associated_with_allele,NCI,183
has_ctdc_value,NCI,182
has_specimen_source_topography,SNOMEDCT_VET,182
distal_to,FMA,182
proximal_to,FMA,182
is_ctdc_value_of,NCI,182
specimen_source_topography_of,SNOMEDCT_VET,182
has_associated_finding,CPT,181
associated_finding_of,CPT,181
absorbability_of,SNOMEDCT_US,172
has_absorbability,SNOMEDCT_US,172
absorbability_of,SCTSPA,171
has_absorbability,SCTSPA,171
has_sort_version,MSHNOR,169
sort_version_of,MSHNOR,169
induces,MED-RT,169
induced_by,MED-RT,169
property_type_of,SNOMEDCT_US,167
property_type_of,SCTSPA,167
has_property_type,SNOMEDCT_US,167
has_property_type,SCTSPA,167
place_traveled_to,MEDCIN,164
place_traveled_from,MEDCIN,164
has_associated_procedure,MEDCIN,163
associated_procedure_of,MEDCIN,163
has_specimen_substance,SNOMEDCT_VET,161
specimen_substance_of,SNOMEDCT_VET,161
may_be_diagnosed_by,MED-RT,157
may_diagnose,MED-RT,157
uses_possibly_included_substance,CPT,157
substance_used_by_possibly_included,CPT,157
has_count,LNC,156
count_of,LNC,156
process_initiates_biological_process,NCI,152
biological_process_has_initiator_process,NCI,152
state_of_matter_of,SNOMEDCT_US,149
state_of_matter_of,SCTSPA,149
has_state_of_matter,SNOMEDCT_US,149
has_state_of_matter,SCTSPA,149
has_possibly_included_pathology,CPT,147
pathology_of_possibly_included,CPT,147
surrounds,FMA,140
surrounded_by,FMA,140
connected_to,FMA,140
process_extends_to,SNOMEDCT_US,139
process_extends_to,SCTSPA,139
extended_to_by_process,SNOMEDCT_US,139
extended_to_by_process,SCTSPA,139
icd_asterisk,ICD10AM,138
has_locale,CPT,138
locale_of,CPT,138
has_british_form,MTHICPC2ICD10AE,137
british_form_of,MTHICPC2ICD10AE,137
venous_drainage_of,FMA,132
has_venous_drainage,FMA,132
has_ped-pro-ctcae_attribute,NCI,130
is_ped-pro-ctcae_attribute_of,NCI,130
has_panel_element,CPT,129
panel_element_of,CPT,129
allele_plays_altered_role_in_process,NCI,128
process_altered_by_allele,NCI,128
has_pro-ctcae_attribute,NCI,124
is_pro-ctcae_attribute_of,NCI,124
has_icdc_value,NCI,122
icdc_value_of,NCI,122
has_direct_substance,SNOMEDCT_VET,121
direct_substance_of,SNOMEDCT_VET,121
chemical_or_drug_initiates_biological_process,NCI,118
biological_process_has_initiator_chemical_or_drug,NCI,118
precondition_of,SNOMEDCT_US,117
precondition_of,SCTSPA,117
receives_projection,FMA,117
has_precondition,SNOMEDCT_US,117
has_precondition,SCTSPA,117
projects_to,FMA,117
due_to,SNOMEDCT_VET,116
cause_of,SNOMEDCT_VET,116
completely_excised_anatomy_has_procedure,NCI,115
procedure_has_completely_excised_anatomy,NCI,115
projects_from,FMA,112
has_projection,FMA,112
disease_excludes_metastatic_anatomic_site,NCI,111
is_not_metastatic_anatomic_site_of_disease,NCI,111
has_ingredient,NDDF,106
ingredient_of,NDDF,106
chromosomal_location_of_allele,NCI,106
allele_in_chromosomal_location,NCI,106
special_category_includes_neoplasm,NCI,105
evaluation_of,MTHMST,105
uses_excluded_substance,CPT,105
has_evaluation,MTHMST,105
substance_used_by_excluded,CPT,105
neoplasm_has_special_category,NCI,105
priority_of,MEDCIN,103
has_priority,MEDCIN,103
has_component,SNOMEDCT_VET,101
component_of,SNOMEDCT_VET,101
has_procedure_device,MEDCIN,98
procedure_device_of,MEDCIN,98
role_has_domain,NCI,97
role_has_range,NCI,97
kind_is_domain_of,NCI,97
kind_is_range_of,NCI,97
disposition_of,SNOMEDCT_VET,93
class_code_classified_by,HL7V3.0,93
classifies_class_code,HL7V3.0,93
has_disposition,SNOMEDCT_VET,93
biological_process_results_from_biological_process,NCI,92
biological_process_has_result_biological_process,NCI,92
translation_of,SRC,89
has_translation,SRC,89
occurs_after,SNOMEDCT_VET,88
occurs_before,SNOMEDCT_VET,88
has_part,MTHMST,85
part_of,MTHMST,85
consider,HPO,84
consider_from,HPO,84
primary_segmental_supply_of,FMA,81
has_primary_segmental_supply,FMA,81
has_pro-ctcae_parent,NCI,81
is_pro-ctcae_parent_of,NCI,81
secondary_segmental_supply_of,FMA,80
has_secondary_segmental_supply,FMA,80
pharmacokinetics_of,MED-RT,79
has_pharmacokinetics,MED-RT,79
expanded_form_of,MSH,78
has_expanded_form,MSH,78
measures,SNOMEDCT_US,78
measures,SCTSPA,78
measured_by,SNOMEDCT_US,78
measured_by,SCTSPA,78
has_expanded_form,CSP,77
expanded_form_of,CSP,77
matures_into,FMA,76
matures_from,FMA,76
has_units,SNOMEDCT_US,75
units_of,SNOMEDCT_US,75
has_units,SCTSPA,74
units_of,SCTSPA,74
activity_of_allele,NCI,74
allele_has_activity,NCI,74
homonym_for,FMA,73
homonym_of,FMA,73
has_excluded_procedure_device,CPT,73
procedure_device_of_excluded,CPT,73
associated_with,SNOMEDCT_VET,72
biological_process_has_result_anatomy,NCI,71
has_measurement_method,SNOMEDCT_US,71
has_measurement_method,SCTSPA,71
anatomy_originated_from_biological_process,NCI,71
measurement_method_of,SCTSPA,71
measurement_method_of,SNOMEDCT_US,71
has_patient_type,CPT,66
patient_type_of,CPT,66
has_associated_function,SNOMEDCT_US,64
has_associated_function,SCTSPA,64
associated_function_of,SNOMEDCT_US,64
associated_function_of,SCTSPA,64
has_recipient_category,MEDCIN,62
has_specimen_procedure,SNOMEDCT_VET,62
specimen_procedure_of,SNOMEDCT_VET,62
recipient_category_of,MEDCIN,62
has_ped-pro-ctcae_parent,NCI,62
is_ped-pro-ctcae_parent_of,NCI,62
has_excluded_pathology,CPT,60
pathology_of_excluded,CPT,60
associated_procedure_of_possibly_included,CPT,55
has_possibly_included_associated_procedure,CPT,55
has_british_form,ICPC2EENG,53
british_form_of,ICPC2EENG,53
anteromedial_to,FMA,53
reformulation_of,RXNORM,53
posterolateral_to,FMA,53
reformulated_to,RXNORM,53
associated_procedure_of_excluded,CPT,52
has_excluded_associated_procedure,CPT,52
transforms_into,FMA,50
transforms_from,FMA,50
has_definitional_manifestation,SNOMEDCT_VET,47
has_indirect_device,MEDCIN,47
indirect_device_of,MEDCIN,47
definitional_manifestation_of,SNOMEDCT_VET,47
corresponds_to,FMA,46
isa,ULT,45
mth_has_british_form,ICF-CY,45
mth_british_form_of,ICF-CY,45
inverse_isa,ULT,45
clinical_course_of,SNOMEDCT_VET,44
has_clinical_course,SNOMEDCT_VET,44
metabolic_site_of,MED-RT,43
continuation_branch_of,FMA,43
has_continuation_branch,FMA,43
site_of_metabolism,MED-RT,43
owning_subsection_of,HL7V3.0,42
has_owning_subsection,HL7V3.0,42
mth_has_expanded_form,OMS,42
mth_expanded_form_of,OMS,42
anteroinferior_to,FMA,41
has_finding_method,SNOMEDCT_VET,41
posterosuperior_to,FMA,41
finding_method_of,SNOMEDCT_VET,41
has_mapping_qualifier,MEDLINEPLUS,40
has_indirect_procedure_site,SNOMEDCT_VET,40
mapping_qualifier_of,MEDLINEPLUS,40
indirect_procedure_site_of,SNOMEDCT_VET,40
dependent_of,SCTSPA,40
has_dependent,SCTSPA,40
anterolateral_to,FMA,39
gene_is_biomarker_type,NCI,39
posteromedial_to,FMA,39
biomarker_type_includes_gene,NCI,39
has_coating_material,SNOMEDCT_US,37
has_subject,LNC,37
is_subject_of,LNC,37
coating_material_of,SNOMEDCT_US,37
has_possibly_included_approach,CPT,36
approach_of_possibly_included,CPT,36
has_route_of_administration,MEDCIN,36
route_of_administration_of,MEDCIN,36
has_coating_material,SCTSPA,35
anterosuperior_to,FMA,35
posteroinferior_to,FMA,35
coating_material_of,SCTSPA,35
has_procedure_site,SNOMEDCT_VET,34
realization_of,SNOMEDCT_VET,34
procedure_site_of,SNOMEDCT_VET,34
has_realization,SNOMEDCT_VET,34
biological_process_has_result_chemical_or_drug,NCI,32
during,MEDCIN,32
is_marked_by_gene_product,NCI,32
gene_product_is_biomarker_of,NCI,32
chemical_or_drug_is_product_of_biological_process,NCI,32
inverse_during,MEDCIN,32
has_pro-ctcae_attribute_value,NCI,30
is_pro-ctcae_attribute_value_of,NCI,30
has_direct_device,SNOMEDCT_VET,29
has_direct_morphology,SNOMEDCT_VET,29
direct_device_of,SNOMEDCT_VET,29
direct_morphology_of,SNOMEDCT_VET,29
is_related_to_endogenous_product,NCI,28
is_abnormality_of_gene_product,NCI,28
endogenous_product_related_to,NCI,28
chemical_or_drug_affects_abnormal_cell,NCI,28
has_excluded_specimen,CPT,28
specimen_of_excluded,CPT,28
abnormal_cell_affected_by_chemical_or_drug,NCI,28
gene_product_has_abnormality,NCI,28
has_expanded_form,MDRITA,27
expanded_form_of,MDR,27
expanded_form_of,MDRSPA,27
expanded_form_of,MDRITA,27
expanded_form_of,MDRFRE,27
expanded_form_of,MDRDUT,27
expanded_form_of,MDRGER,27
expanded_form_of,MDRPOR,27
has_expanded_form,MDRCZE,27
expanded_form_of,MDRCZE,27
has_expanded_form,MDR,27
has_expanded_form,MDRHUN,27
expanded_form_of,MDRHUN,27
expanded_form_of,MDRRUS,27
has_expanded_form,MDRRUS,27
has_expanded_form,MDRKOR,27
expanded_form_of,MDRKOR,27
expanded_form_of,MDRBPO,27
has_expanded_form,MDRBPO,27
expanded_form_of,MDRSWE,27
expanded_form_of,MDRLAV,27
has_expanded_form,MDRPOL,27
expanded_form_of,MDRGRE,27
has_expanded_form,MDRGRE,27
expanded_form_of,MDRPOL,27
has_expanded_form,MDRARA,27
expanded_form_of,MDRARA,27
has_expanded_form,MDRSWE,27
has_expanded_form,MDRLAV,27
has_expanded_form,MDREST,27
expanded_form_of,MDREST,27
expanded_form_of,MDRFIN,27
has_expanded_form,MDRFIN,27
expanded_form_of,MDRLIT,27
expanded_form_of,MDRHRV,27
has_expanded_form,MDRHRV,27
has_expanded_form,MDRLIT,27
expanded_form_of,MDRISL,27
has_expanded_form,MDRISL,27
has_expanded_form,MDRNOR,27
expanded_form_of,MDRSLK,27
has_expanded_form,MDRSLV,27
expanded_form_of,MDRNOR,27
expanded_form_of,MDRSLV,27
has_expanded_form,MDRSLK,27
has_expanded_form,MDRPOR,27
has_expanded_form,MDRSPA,27
has_expanded_form,MDRDUT,27
has_expanded_form,MDRFRE,27
has_expanded_form,MDRGER,27
gene_is_biomarker_of,NCI,27
disease_is_marked_by_gene,NCI,27
uses_device,SNOMEDCT_VET,26
mth_british_form_of,ICF,26
mth_has_british_form,ICF,26
device_used_by,SNOMEDCT_VET,26
specimen_of,SNOMEDCT_VET,26
has_location,SNOMEDCT_US,26
has_location,SCTSPA,26
fuses_with,FMA,26
location_of,SNOMEDCT_US,26
location_of,SCTSPA,26
has_specimen,SNOMEDCT_VET,26
has_finding_informer,MEDCIN,25
pathological_process_of,MEDCIN,25
has_pathological_process,MEDCIN,25
finding_informer_of,MEDCIN,25
dose_form_of,MEDCIN,24
has_episodicity,MEDCIN,24
has_dose_form,MEDCIN,24
episodicity_of,MEDCIN,24
part_of,FMA,23
has_specimen_source_identity,SNOMEDCT_VET,23
has_part,FMA,23
specimen_source_identity_of,SNOMEDCT_VET,23
adjacent_to,FMA,22
happens_during,GO,22
revision_status_of,MEDCIN,22
has_count_of_active_ingredient,SNOMEDCT_US,22
has_count_of_active_ingredient,SCTSPA,22
has_revision_status,MEDCIN,22
count_of_active_ingredient_of,SNOMEDCT_US,22
count_of_active_ingredient_of,SCTSPA,22
inverse_happens_during,GO,22
develops_into,FMA,21
uses,MTHMST,21
used_by,MTHMST,21
has_specimen_source_topography,MEDCIN,21
develops_from,FMA,21
specimen_source_topography_of,MEDCIN,21
may_be_qualified_by,HL7V3.0,20
inferolateral_to,FMA,20
inferomedial_to,FMA,20
superomedial_to,FMA,20
superolateral_to,FMA,20
may_qualify,HL7V3.0,20
location_of,ULT,19
has_location,ULT,19
has_possibly_included_associated_finding,CPT,19
biological_process_involves_chemical_or_drug,NCI,19
chemical_or_drug_plays_role_in_biological_process,NCI,19
associated_finding_of_possibly_included,CPT,19
target_population_of,SNOMEDCT_US,19
target_population_of,SCTSPA,19
has_target_population,SNOMEDCT_US,19
has_target_population,SCTSPA,19
has_component,HL7V3.0,17
component_of,HL7V3.0,17
has_possibly_included_component,CPT,16
moved_from,SNOMEDCT_VET,16
procedure_may_have_partially_excised_anatomy,NCI,16
partially_excised_anatomy_may_have_procedure,NCI,16
component_of_possibly_included,CPT,16
moved_to,SNOMEDCT_VET,16
has_related_developmental_entity,FMA,15
related_developmental_entity_of,FMA,15
has_ped-pro-ctcae_attribute_value,NCI,15
is_ped-pro-ctcae_attribute_value_of,NCI,15
forms,FMA,15
formed_by,FMA,15
procedure_may_have_excised_anatomy,NCI,14
excised_anatomy_may_have_procedure,NCI,14
has_possibly_included_patient_type,CPT,14
patient_type_of_possibly_included,CPT,14
has_specimen_source_morphology,SNOMEDCT_VET,13
has_focus,SNOMEDCT_VET,13
development_type_of,FMA,13
surgical_extent_of_possibly_included,CPT,13
focus_of,SNOMEDCT_VET,13
has_possibly_included_surgical_extent,CPT,13
has_product_characteristic,SNOMEDCT_US,13
has_product_characteristic,SCTSPA,13
includes_sub_specimen,SNOMEDCT_VET,13
has_ingredient_qualitative_strength,SNOMEDCT_US,13
has_ingredient_qualitative_strength,SCTSPA,13
cell_type_is_associated_with_eo_disease,NCI,13
eo_disease_has_associated_cell_type,NCI,13
sub_specimen_included_by,SNOMEDCT_VET,13
specimen_source_morphology_of,SNOMEDCT_VET,13
has_development_type,FMA,13
product_characteristic_of,SNOMEDCT_US,13
ingredient_qualitative_strength_of,SNOMEDCT_US,13
product_characteristic_of,SCTSPA,13
ingredient_qualitative_strength_of,SCTSPA,13
uses_substance,SNOMEDCT_VET,12
intent_of,SNOMEDCT_VET,12
substance_used_by,SNOMEDCT_VET,12
has_intent,SNOMEDCT_VET,12
role_is_parent_of,NCI,11
role_has_parent,NCI,11
uses_energy,MEDCIN,10
owning_section_of,HL7V3.0,10
route_of_administration_of_possibly_included,CPT,10
has_data_element,NCI,10
degree_of,MTHMST,10
has_degree,MTHMST,10
has_possibly_included_route_of_administration,CPT,10
energy_used_by,MEDCIN,10
has_owning_section,HL7V3.0,10
data_element_of,NCI,10
has_excluded_associated_finding,CPT,9
diagnosed_by,MTHMST,9
has_excluded_patient_type,CPT,9
disease_may_have_normal_tissue_origin,NCI,9
patient_type_of_excluded,CPT,9
associated_finding_of_excluded,CPT,9
diagnoses,MTHMST,9
may_be_normal_tissue_origin_of_disease,NCI,9
supported_concept_relationship_in,HL7V3.0,9
has_supported_concept_relationship,HL7V3.0,9
has_active_metabolites,MED-RT,8
has_indirect_morphology,MEDCIN,8
active_metabolites_of,MED-RT,8
has_specimen_procedure,MEDCIN,8
has_course,SNOMEDCT_VET,8
has_stage,SNOMEDCT_US,8
has_stage,SCTSPA,8
course_of,SNOMEDCT_VET,8
has_ingredient_characteristic,SNOMEDCT_US,8
stage_of,SNOMEDCT_US,8
stage_of,SCTSPA,8
indirect_morphology_of,MEDCIN,8
specimen_procedure_of,MEDCIN,8
dependent_of,SNOMEDCT_US,8
has_dependent,SNOMEDCT_US,8
ingredient_characteristic_of,SNOMEDCT_US,8
adheres_to,FMA,7
method_of,MTHMST,7
has_adherent,FMA,7
has_filling,SNOMEDCT_US,7
has_filling,SCTSPA,7
has_method,MTHMST,7
filling_of,SNOMEDCT_US,7
filling_of,SCTSPA,7
fusion_of,FMA,7
has_fusion,FMA,7
is_modification_of,SNOMEDCT_VET,6
procedure_may_have_completely_excised_anatomy,NCI,6
has_modification,SNOMEDCT_VET,6
completely_excised_anatomy_may_have_procedure,NCI,6
merges_with,FMA,6
has_ingredient_characteristic,SCTSPA,6
ingredient_characteristic_of,SCTSPA,6
has_part,ULT,5
conceptual_part_of,MTHMST,5
part_of,ULT,5
surgical_extent_of_excluded,CPT,5
right_lateral_to,FMA,5
right_medial_to,FMA,5
left_lateral_to,FMA,5
left_medial_to,FMA,5
has_temporal_context,MEDCIN,5
has_excluded_surgical_extent,CPT,5
temporal_context_of,MEDCIN,5
has_conceptual_part,MTHMST,5
connection_type_of,FMA,4
relative_to_part_of,SCTSPA,4
relative_to_part_of,SNOMEDCT_US,4
owning_affiliate_of,HL7V3.0,4
inherent_3d_shape_of,FMA,4
manifestation_of,ULT,4
has_owning_affiliate,HL7V3.0,4
associated_with,MTHMST,4
mapped_to,HCDT,4
has_inherent_3d_shape,FMA,4
has_surface_characteristic,SNOMEDCT_US,4
has_surface_texture,SNOMEDCT_US,4
has_surface_characteristic,SCTSPA,4
has_surface_texture,SCTSPA,4
has_manifestation,ULT,4
has_connection_type,FMA,4
part_referred_to_by,SNOMEDCT_US,4
part_referred_to_by,SCTSPA,4
has_route_of_administration,SNOMEDCT_VET,4
mapped_from,HCDT,4
route_of_administration_of,SNOMEDCT_VET,4
surface_characteristic_of,SNOMEDCT_US,4
surface_texture_of,SNOMEDCT_US,4
surface_characteristic_of,SCTSPA,4
surface_texture_of,SCTSPA,4
allele_plays_role_in_metabolism_of_chemical_or_drug,NCI,3
result_of,ULT,3
full_grown_phenotype_of,FMA,3
has_result,ULT,3
has_excluded_component,CPT,3
component_of_excluded,CPT,3
regional_part_of,SNOMEDCT_US,3
regional_part_of,SCTSPA,3
has_full_grown_phenotype,FMA,3
anatomical_entity_observed_in,FMA,3
has_procedure_context,MEDCIN,3
chemical_or_drug_metabolism_is_associated_with_allele,NCI,3
procedure_context_of,MEDCIN,3
has_observed_anatomical_entity,FMA,3
has_regional_part,SNOMEDCT_US,3
has_regional_part,SCTSPA,3
towards,SCTSPA,2
towards,SNOMEDCT_US,2
procedure_has_imaged_anatomy,NCI,2
effect_may_be_inhibited_by,MED-RT,2
may_inhibit_effect_of,MED-RT,2
has_excluded_locale,CPT,2
has_subject_relationship_context,SNOMEDCT_VET,2
has_location,FMA,2
has_excluded_approach,CPT,2
subject_relationship_context_of,SNOMEDCT_VET,2
approach_of_excluded,CPT,2
treated_by,MTHMST,2
segmental_composition_of,FMA,2
treats,MTHMST,2
has_segmental_composition,FMA,2
has_direct_cell_shape,FMA,2
direct_cell_shape_of,FMA,2
imaged_anatomy_has_procedure,NCI,2
location_of,FMA,2
locale_of_excluded,CPT,2
away_from,SNOMEDCT_US,2
away_from,SCTSPA,2
has_result,MTHMST,1
has_germ_origin,FMA,1
before,SNOMEDCT_US,1
before,SCTSPA,1
result_of,MTHMST,1
has_possibly_included_panel_element,CPT,1
before,MEDCIN,1
external_to,FMA,1
form_of,MTH,1
panel_element_of_possibly_included,CPT,1
after,SNOMEDCT_US,1
after,SCTSPA,1
internal_to,FMA,1
inverse_ends_during,GO,1
ends_during,GO,1
germ_origin_of,FMA,1
has_finding_context,MEDCIN,1
route_of_administration_of_excluded,CPT,1
has_form,MTH,1
allele_absent_from_wild-type_chromosomal_location,NCI,1
has_excluded_route_of_administration,CPT,1
smaller_than,HL7V3.0,1
larger_than,HL7V3.0,1
has_finding_informer,SNOMEDCT_VET,1
chromosomal_location_of_wild-type_gene,NCI,1
qualifier_applies_to,NCI,1
is_qualified_by,NCI,1
finding_informer_of,SNOMEDCT_VET,1
finding_context_of,MEDCIN,1
after,MEDCIN,1
